Topic,url
Algorithms,https://www.techinterviewhandbook.org//algorithms/study-cheatsheet/
Algorithms study cheatsheets,https://www.techinterviewhandbook.org//algorithms/study-cheatsheet/
Array,https://www.techinterviewhandbook.org//algorithms/array/
String,https://www.techinterviewhandbook.org//algorithms/string/
Hash Table,https://www.techinterviewhandbook.org//algorithms/hash-table/
Recursion,https://www.techinterviewhandbook.org//algorithms/recursion/
Sorting and searching,https://www.techinterviewhandbook.org//algorithms/sorting-searching/
Matrix,https://www.techinterviewhandbook.org//algorithms/matrix/
Linked List,https://www.techinterviewhandbook.org//algorithms/linked-list/
Queue,https://www.techinterviewhandbook.org//algorithms/queue/
Stack,https://www.techinterviewhandbook.org//algorithms/stack/
Tree,https://www.techinterviewhandbook.org//algorithms/tree/
Graph,https://www.techinterviewhandbook.org//algorithms/graph/
Heap,https://www.techinterviewhandbook.org//algorithms/heap/
Trie,https://www.techinterviewhandbook.org//algorithms/trie/
Interval,https://www.techinterviewhandbook.org//algorithms/interval/
Dynamic programming,https://www.techinterviewhandbook.org//algorithms/dynamic-programming/
Binary,https://www.techinterviewhandbook.org//algorithms/binary/
Math,https://www.techinterviewhandbook.org//algorithms/math/
Geometry,https://www.techinterviewhandbook.org//algorithms/geometry/
Algorithms cheatsheets,https://www.techinterviewhandbook.org//algorithms/study-cheatsheet/
